Camiseta dry fit preta - Tam P;Camiseta Dry fit tamanho P cor preta;59.80;200
Camiseta dry fit preta - Tam M;Camiseta Dry fit tamanho M cor preta;59.80;200
Camiseta dry fit preta - Tam G;Camiseta Dry fit tamanho G cor preta;59.80;200
Camiseta dry fit preta - Tam GG;Camiseta Dry fit tamanho GG cor preta;59.80;200
Camiseta dry fit azul - Tam P;Camiseta Dry fit tamanho P cor azul;56.20;200
Camiseta dry fit azul - Tam M;Camiseta Dry fit tamanho M cor azul;56.20;200
Camiseta dry fit azul - Tam G;Camiseta Dry fit tamanho G cor azul;56.20;200
Camiseta dry fit azul - Tam GG;Camiseta Dry fit tamanho GG cor azul;58.20;200
Camiseta dry fit cinza - Tam P;Camiseta Dry fit tamanho P cor cinza;58.10;200
Camiseta dry fit cinza - Tam M;Camiseta Dry fit tamanho M cor cinza;58.10;200
Camiseta dry fit cinza - Tam G;Camiseta Dry fit tamanho G cor cinza;58.10;200
Camiseta dry fit cinza - Tam GG;Camiseta Dry fit tamanho GG cor cinza;58.10;200
Short de corrida preto - Tam P;Short de corrida preto tamanho P;48.90;200
Short de corrida preto - Tam M;Short de corrida preto tamanho M;48.90;200
Short de corrida preto - Tam G;Short de corrida preto tamanho G;48.90;200
Short de corrida preto - Tam GG;Short de corrida preto tamanho GG;48.90;200
Short de corrida azul marinho - Tam P;Short de corrida azul marinho tamanho P;48.90;200
Short de corrida azul marinho - Tam M;Short de corrida azul marinho tamanho M;48.90;200
Short de corrida azul marinho - Tam G;Short de corrida azul marinho tamanho G;48.90;200
Short de corrida azul marinho - Tam GG;Short de corrida azul marinho tamanho GG;48.90;200
Short de corrida cinza - Tam P;Short de corrida cinza tamanho P;48.90;200
Short de corrida cinza - Tam M;Short de corrida cinza tamanho M;48.90;200
Short de corrida cinza - Tam G;Short de corrida cinza tamanho G;48.90;200
Short de corrida cinza - Tam GG;Short de corrida cinza tamanho GG;48.90;200
Top Fitness Puma impact fit - Feminino;Top Fitness Puma impact fit tamanho único;109.20;200
Top Fitness Nike Swoosh - Feminino;Top Fitness Nike Swoosh Feminino tamanho único;119.90;200
Short Nike Pro - Feminino;Short Nike Pro - Feminino;99.80;200
Calça Legging Adidas Essentials - Feminina;Calça Legging Adidas Essentials - Feminina;165.80;200
Camisa térmica Masculina Nike com manga comprida;Camisa térmica Masculina Nike com manga comprida tamanho único;161.49;200
Camisa térmica Masculina Adidas com manga comprida;Camisa térmica Masculina Adidas com manga comprida tamanho único;159.99;200
Camisa térmica Feminina Nike com manga comprida;Camisa térmica Feminina Nike com manga comprida tamanho único;161.49;200
Camisa térmica Feminina Adidas com manga comprida;Camisa térmica Feminina Adidas com manga comprida tamanho único;159.99;200
Tênis Nike Pegasus 40 Masculino - Tam 39; Tênis de corrida Pegasus 40 Masculino tamanho 39;499.99;200
Tênis Nike Pegasus 40 Masculino - Tam 40; Tênis de corrida Pegasus 40 Masculino tamanho 40;499.99;200
Tênis Nike Pegasus 40 Masculino - Tam 41; Tênis de corrida Pegasus 40 Masculino tamanho 41;499.99;200
Tênis Nike Pegasus 40 Masculino - Tam 42; Tênis de corrida Pegasus 40 Masculino tamanho 42;499.99;200
Tênis Nike Pegasus 40 Feminino - Tam 35; Tênis de corrida Pegasus 40 Feminino tamanho 35;499.99;200
Tênis Nike Pegasus 40 Feminino - Tam 36; Tênis de corrida Pegasus 40 Feminino tamanho 36;499.99;200
Tênis Nike Pegasus 40 Feminino - Tam 37; Tênis de corrida Pegasus 40 Feminino tamanho 37;499.99;200
Tênis Nike Pegasus 40 Feminino - Tam 48; Tênis de corrida Pegasus 40 Feminino tamanho 48;499.99;200
Tênis Adidas Duramo SL Masculino - Tam 39; Tênis de corrida Adidas Duramo SL Masculino tamanho 39;399.99;200
Tênis Adidas Duramo SL Masculino - Tam 40; Tênis de corrida Adidas Duramo SL Masculino tamanho 40;399.99;200
Tênis Adidas Duramo SL Masculino - Tam 41; Tênis de corrida Adidas Duramo SL Masculino tamanho 41;399.99;200
Tênis Adidas Duramo SL Masculino - Tam 42; Tênis de corrida Adidas Duramo SL Masculino tamanho 42;399.99;200
Tênis Adidas Duramo SL Feminino - Tam 35; Tênis de corrida Adidas Duramo SL Feminino tamanho 35;399.99;200
Tênis Adidas Duramo SL Feminino - Tam 36; Tênis de corrida Adidas Duramo SL Feminino tamanho 36;399.99;200
Tênis Adidas Duramo SL Feminino - Tam 37; Tênis de corrida Adidas Duramo SL Feminino tamanho 37;399.99;200
Tênis Adidas Duramo SL Feminino - Tam 38; Tênis de corrida Adidas Duramo SL Feminino tamanho 38;399.99;200
Chuteira Futsal Umbro - Tam 39;Chuteria Futsal Umbro preta tamanho 39;399.99;200
Chuteira Futsal Umbro - Tam 40;Chuteria Futsal Umbro preta tamanho 40;399.99;200
Chuteira Futsal Umbro - Tam 41;Chuteria Futsal Umbro preta tamanho 40;399.99;200
Chuteira Futsal Umbro - Tam 41;Chuteria Futsal Umbro preta tamanho 41;399.99;200
Chuteira Futsal Nike Mercurial - Tam 39;Chuteira Futsal Nike Mercurial tamanho 39;449.90;200
Chuteira Futsal Nike Mercurial - Tam 40;Chuteira Futsal Nike Mercurial tamanho 40;449.90;200
Chuteira Futsal Nike Mercurial - Tam 41;Chuteira Futsal Nike Mercurial tamanho 41;449.90;200
Chuteira Futsal Nike Mercurial - Tam 42;Chuteira Futsal Nike Mercurial tamanho 42;449.90;200
Chuteria Society Adidas Predator - Tam 39;Chuteria Society Adidas Predator tamanho 39;289.90;200
Chuteria Society Adidas Predator - Tam 40;Chuteria Society Adidas Predator tamanho 40;289.90;200
Chuteria Society Adidas Predator - Tam 41;Chuteria Society Adidas Predator tamanho 41;289.90;200
Chuteria Society Adidas Predator - Tam 42;Chuteria Society Adidas Predator tamanho 42;289.90;200
Meia Lupo preta cano invisível;Meia Lupo cor preta cano de tamanho invisível conjunto com 3 pares calça 37 - 40;42.80;200
Meia Lupo preta cano curto;Meia Lupo cor preta cano de tamanho curto conjunto com 3 pares calça 37 - 40;47.80;200
Meia Lupo preta cano médio;Meia Lupo cor preta cano de tamanho médio conjunto com 3 pares calça 37 - 40;53.80;200
Meia Lupo preta cano alto;Meia Lupo cor preta cano de tamanho alto conjunto com 3 pares calça 37 - 40;59.80;200
Meia Lupo cinza cano invisível;Meia Lupo cor cinza cano de tamanho invisível conjunto com 3 pares calça 37 - 40;42.80;200
Meia Lupo cinza cano curto;Meia Lupo cor cinza cano de tamanho curto conjunto com 3 pares calça 37 - 40;47.80;200
Meia Lupo cinza cano médio;Meia Lupo cor cinza cano de tamanho médio conjunto com 3 pares calça 37 - 40;53.80;200
Meia Lupo cinza cano alto;Meia Lupo cor cinza cano de tamanho alto conjunto com 3 pares calça 37 - 40;59.80;200
Meia Lupo branca cano invisível;Meia Lupo cor branca cano de tamanho invisível conjunto com 3 pares calça 37 - 40;42.80;200
Meia Lupo branca cano curto;Meia Lupo cor branca cano de tamanho curto conjunto com 3 pares calça 37 - 40;47.80;200
Meia Lupo branca cano médio;Meia Lupo cor branca cano de tamanho médio conjunto com 3 pares calça 37 - 40;53.80;200
Meia Lupo branca cano alto;Meia Lupo cor branca cano de tamanho alto conjunto com 3 pares calça 37 - 40;59.80;200
Bola de futebol;Bola de futebol;98.90;200
Bola de futsal;Bola de futsal;87.49;200
Bola de Basquete;Bola de Basquete;121.50;200
Bola de vôlei;Bola de Vólei;78.90;200
Bola de Tênis;Conjunto com 3 bolas de tênis;98.70;200
Bola de Tênis de mesa;Conjunto com 5 bolas de tênis de mesa;57.40;200
Raquete de Tênis de mesa;Raquete semi profissional de tênis de mesa;91.40;200
Luva de Box Everlest;Luva de Box 12 Oz Everlest;185.49;200
Luva de academia Oxer;Luva de academia Oxer;42.50;200
Smartwatch Mormaii Life;Smartwatch Mormaii Life;589.90;200
Smartwatch Xiaomi Redmi Watch 3;Smartwatch Xiaomi Redmi Watch 3;599.99;200
Óculos de sol Oxer;Óculos de sol Oxer;189.90;200
Óculos de sol Oakley;Óculos de sol Oakley;219.90;200
Óculos de natação;Óculos de natação preto para adultos;89.78;200
Toca de natação;Toca básica de natação;56.15;200
Mochila Nike Heritage Unissex - 25 Litros;Mochila Nike Heritage Unissex - 25 Litros;299.99;200
Mochila ASICS Básica - 21 Litros;Mochila ASICS Básica - 21 Litros;199.99;200
Mochila Mizuno Energy - 17 Litros;Mochila Mizuno Energy - 17 Litros;189.90;200
Mochila Adidas Clássica - 21 Litros;Mochila Adidas Clássica - 21 Litros;229.90;200
Mochila Puma Phase - 22 Litros;Mochila Puma Phase - 22 Litros;229.90;00
Patins Roller HD InLine Hondar Skull - Masculino;Patins Roller HD InLine Hondar Skull - Masculino;1078.92;200
Patins Roller HD InLine Hondar Skull - Feminino;Patins Roller HD InLine Hondar Skull - Feminino;1078;92;200
Skate Spin Street;Skate Spin Street;229.90;200
Skate Longboard Wood;Skate Longboard Wood;359.90;200
Barraca camping - 1 pessoa;Barraca camping - 1 pessoa;299.90;200
Barraca camping - 2 pessoas;Barraca camping - 2 pessoas;499.90;200
Barraca camping - 3 pessoas;Barraca camping - 3 pessoas;799.90;200
Barraca camping - 4 pessoas;Barraca camping - 4 pessoas;1099.90;200